{"stats":{"minecraft:picked_up":{"ad_astra:white_flag":1,"minecraft:porkchop":2},"minecraft:killed":{"mutantmonsters:spider_pig":1},"minecraft:used":{"mutantmonsters:spider_pig_spawn_egg":1,"alexscaves:spawn_egg_watcher":1,"minecraft:dirt":11,"minecraft:villager_spawn_egg":12,"alexscaves:spawn_egg_nucleeper":1,"creeperoverhaul:tiny_cactus":2,"eeeabsmobs:guardian_axe":2,"ad_astra:tier_1_rover":1,"ad_astra:white_flag":2},"minecraft:custom":{"minecraft:time_since_rest":7299,"minecraft:crouch_one_cm":51,"minecraft:sprint_one_cm":2478,"minecraft:play_time":7299,"minecraft:damage_taken":25,"minecraft:walk_one_cm":6526,"minecraft:sneak_time":120,"minecraft:mob_kills":1,"minecraft:jump":56,"minecraft:damage_dealt":458,"minecraft:leave_game":1,"minecraft:time_since_death":7299,"minecraft:total_world_time":7299,"minecraft:fly_one_cm":77622,"minecraft:fall_one_cm":2206}},"DataVersion":3465}